ing_name,ing_uom_metric
baking powder,mL
barbeque sauce,mL
beer,mL
black pepper,mL
bread crumb,mL
butter,mL
buttermilk,mL
cayenne pepper,mL
celery seed,mL
chicken,g
chicken broth,mL
chicken granule,g
chili powder,mL
curry powder,mL
egg,pc
flour,mL
garlic,mL
garlic powder,mL
honey,mL
hot sauce,mL
italian seasoning,mL
kikkoman tempura batter mix,mL
lard,mL
lemon,mL
milk,mL
mustard,mL
onion powder,mL
oregano,mL
oyster sauce,mL
paprika,mL
peanut oil,mL
pickle brine,mL
poultry seasoning,mL
rosemary,mL
sage,mL
salt,mL
salt,g
sherry,mL
shortening,mL
steak sauce,mL
sugar,mL
thyme,mL
vegetable oil,mL
white pepper,mL
worcestershire sauce,mL
