ing_name,ing_uom_metric,URL
baking powder,mL,https://voila.ca/products/105060EA/details
baking powder,,https://voila.ca/products/105020EA/details
baking powder,,https://voila.ca/products/316634EA/details
barbeque sauce,mL,https://voila.ca/products/247050EA/details
beer,mL,https://voila.ca/products/749429CAR/details
black pepper,mL,https://voila.ca/products/666829EA/details
,,https://voila.ca/products/826255EA/details
bread crumb,mL,https://voila.ca/products/348966EA/details
,,https://voila.ca/products/13664EA/details
butter,mL,https://voila.ca/products/271244EA/details
,,https://voila.ca/products/427204EA/details
buttermilk,mL,https://voila.ca/products/547208EA/details
,,https://voila.ca/products/863066EA/details
cayenne pepper,mL,https://voila.ca/products/631447EA/details
,,https://voila.ca/products/826624EA/details
celery seed,mL,https://voila.ca/products/446194EA/details
,,https://voila.ca/products/445328EA/details
chicken,g,https://voila.ca/products/218890KG/details
,,https://voila.ca/products/587643KG/details
,,https://voila.ca/products/4089EA/details
,,https://voila.ca/products/20400KG/details
chicken broth,mL,https://voila.ca/products/334327EA/details
,,https://voila.ca/products/666669EA/details
chicken granule,g,https://voila.ca/products/411495EA/details
chili powder,mL,https://voila.ca/products/19025EA/details
,,https://voila.ca/products/446168EA/details
,,https://voila.ca/products/4922EA/details
curry powder,mL,https://voila.ca/products/4902EA/details
,,https://voila.ca/products/13330EA/details
,,https://voila.ca/products/446183EA/details
egg,pc,https://voila.ca/products/531484EA/details
,,https://voila.ca/products/437783EA/details
,,https://voila.ca/products/19185EA/details
flour,mL,https://voila.ca/products/935240EA/details
,,https://voila.ca/products/161029EA/details
,,https://voila.ca/products/96510EA/details
garlic,mL,https://voila.ca/products/625204EA/details
garlic powder,mL,https://voila.ca/products/13314EA/details
,,https://voila.ca/products/446160EA/details
,,https://voila.ca/products/4910EA/details
honey,mL,https://voila.ca/products/830858EA/details
,,https://voila.ca/products/830898EA/details
,,https://voila.ca/products/533899EA/details
hot sauce,mL,https://voila.ca/products/915035EA/details
,,https://voila.ca/products/506252EA/details
,,https://voila.ca/products/174194EA/details
italian seasoning,mL,https://voila.ca/products/19030EA/details
,,https://voila.ca/products/446235EA/details
,,https://voila.ca/products/826208EA/details
kikkoman tempura batter mix,mL,https://voila.ca/products/280799EA/details
lard,mL,https://voila.ca/products/452010EA/details
,,https://voila.ca/products/441210EA/details
lemon,mL,https://voila.ca/products/13858EA/details
,,https://voila.ca/products/466302EA/details
,,https://voila.ca/products/423071EA/details
milk,mL,https://voila.ca/products/507464EA/details
,,https://voila.ca/products/862522EA/details
,,https://voila.ca/products/501300EA/details
mustard,mL,https://voila.ca/products/71287EA/details
,,https://voila.ca/products/915040EA/details
onion powder,mL,https://voila.ca/products/13328EA/details
,,https://voila.ca/products/446157EA/details
,,https://voila.ca/products/5070EA/details
oregano,mL,https://voila.ca/products/13315EA/details
,,https://voila.ca/products/446236EA/details
,,https://voila.ca/products/5035EA/details
oyster sauce,mL,https://voila.ca/products/539849EA/details
,,https://voila.ca/products/901775EA/details
,,https://voila.ca/products/823980EA/details
paprika,mL,https://voila.ca/products/13317EA/details
,,https://voila.ca/products/446171EA/details
,,https://voila.ca/products/24138EA/details
peanut oil,mL,https://voila.ca/products/434989EA/details
pickle brine,mL,https://voila.ca/products/444749EA/details
,,https://voila.ca/products/222900EA/details
,,https://voila.ca/products/431608EA/details
poultry seasoning,mL,https://voila.ca/products/826279EA/details
,,https://voila.ca/products/446217EA/details
,,https://voila.ca/products/19039EA/details
rosemary,mL,https://voila.ca/products/19029EA/details
,,https://voila.ca/products/446130EA/details
,,https://voila.ca/products/826288EA/details
sage,mL,https://voila.ca/products/826289EA/details
,,https://voila.ca/products/446214EA/details
,,https://voila.ca/products/13335EA/details
salt,g,https://voila.ca/products/637515EA/details
,,https://voila.ca/products/289736EA/details
sherry,mL,https://voila.ca/products/915545EA/details
shortening,mL,https://voila.ca/products/983576EA/details
,,https://voila.ca/products/441244EA/details
,,https://voila.ca/products/983577EA/details
steak sauce,mL,https://voila.ca/products/146861EA/details
,,https://voila.ca/products/82850EA/details
,,https://voila.ca/products/448810EA/details
sugar,mL,https://voila.ca/products/507423EA/details
,,https://voila.ca/products/401328EA/details
,,https://voila.ca/products/258545EA/details
thyme,mL,https://voila.ca/products/731946EA/details
,,https://voila.ca/products/5050EA/details
,,https://voila.ca/products/331913EA/details
vegetable oil,mL,https://voila.ca/products/502863EA/details
,,https://voila.ca/products/13266EA/details
,,https://voila.ca/products/963932EA/details
white pepper,mL,https://voila.ca/products/681521EA/details
,,https://voila.ca/products/681666EA/details
worcestershire sauce,mL,https://voila.ca/products/151261EA/details
,,https://voila.ca/products/151259EA/details